id,first_name,last_name,email,gender,_row_
f288c691-905b-4a31-a2bb-407d940f5fa6,Meryl,Scanlan,mscanlan0@cyberchimps.com,F,1
a6cc8d1c-3463-47ab-bb1e-a8dea1529757,Sarette,Winkless,swinkless1@guardian.co.uk,F,2
c84ff6b1-902e-47df-8880-995b2384f1d1,Adela,Stranks,astranks2@w3.org,F,3
0fee6105-f46f-4bb7-a7d8-96063d4d2e15,Yvette,Dwyr,ydwyr3@theglobeandmail.com,F,4
d69dda1d-58ec-4a62-9220-04c9975ed605,Lutero,Eixenberger,leixenberger4@symantec.com,M,5
beac08a2-dc2b-4a2f-a9f7-bc4f21034c84,Emanuele,Casol,ecasol5@hhs.gov,M,6
dd9b0000-857e-4134-8ce6-a13c79183106,Trevar,Blazhevich,tblazhevich6@nymag.com,M,7
92a2c689-5759-47d3-810d-d6da6c497f84,Gerard,Klammt,gklammt7@cdbaby.com,M,8
a823a4dd-2c88-41fb-8596-3333df036dc8,Cliff,Chiles,cchiles8@amazon.co.jp,M,9
553de350-031b-4a0e-ba75-02c222f20d6b,Odie,Maffiotti,omaffiotti9@geocities.com,M,10
ab330406-c839-44b2-adea-b692102a81c6,Trey,McLukie,tmclukiea@desdev.cn,M,11
6bcece4a-0721-45e2-8bb1-9ea18650dabb,Robinette,Gyenes,rgyenesb@drupal.org,F,12
721f76c7-e84f-48a8-a335-5ff1a30550f1,Sarajane,Hallmark,shallmarkc@apache.org,F,13
39dbe088-f38c-4956-83d8-1251899c9962,Aluino,Friskey,afriskeyd@statcounter.com,M,14
d1da9eba-8adf-47b8-99c5-7b2eb89ea8ba,Dido,Dufour,ddufoure@wikimedia.org,F,15
d08b0abe-1537-4b3f-832f-d21458cae097,Elladine,Draper,edraperf@cyberchimps.com,F,16
f2df686f-c51d-4579-882b-16dac68ed8ee,Joni,Clements,jclementsg@cafepress.com,F,17
2d214c25-3caa-40a7-b902-202369e505c3,Drusi,Caffin,dcaffinh@pcworld.com,F,18
a8b64379-080d-47df-8cd1-1bb75e95d888,Alanna,Pauli,apaulii@zimbio.com,F,19
dd643a37-f438-47f8-a42d-c5aba92a1c99,Truman,Morales,tmoralesj@webmd.com,M,20
2f6dbd6b-82d6-4a30-b180-1d1a43685376,Katee,Dufaire,kdufairek@sbwire.com,F,21
906d73e0-d116-41d9-87fd-0dcc9a835386,Alaster,Stenbridge,astenbridgel@ustream.tv,M,22
17845bd2-0cec-4f98-ba9e-7cefe22eb2c6,Agretha,Lammerts,alammertsm@dagondesign.com,F,23
9f44cb64-b756-40c7-9270-1c9d9a22ecaa,Axe,Shacklady,ashackladyn@youku.com,M,24
8fc71fcd-11f1-4cd5-895a-e29639a20cce,Sullivan,Corbridge,scorbridgeo@archive.org,M,25
3c869926-c715-43ef-9e74-2824989f7d01,Kylynn,Falkingham,kfalkinghamp@google.com,F,26
f0cafaa0-d654-42ea-85b2-0dc208de75a0,Hermy,Worsall,hworsallq@earthlink.net,M,27
365978f2-0d27-4669-9736-e2eed94a6422,Haily,Duerden,hduerdenr@wix.com,M,28
67f72fc9-851c-4c84-8123-1f5c4d9ce7c7,Georas,Hateley,ghateleys@pbs.org,M,29
8ab0c024-b40f-41b9-b671-84583aa28c33,Dreddy,Connechie,dconnechiet@walmart.com,F,30
f3400210-a7e8-4e26-9108-205d60e9e829,Elnora,Drayn,edraynu@microsoft.com,F,31
0a54b759-aeba-4555-b050-ba873894d0ca,Vern,Cestard,vcestardv@weebly.com,M,32
0902d5dc-4401-4d4f-b472-39bc6c19d086,Pryce,Frankland,pfranklandw@feedburner.com,M,33
719bbe70-5a5b-435f-861b-8115392284ec,Geralda,Greener,ggreenerx@paginegialle.it,F,34
e3a63f3b-90f7-4c4a-94b6-3923ea981431,Galven,Dumphrey,gdumphreyy@dedecms.com,M,35
a9aa22fe-5e4a-4e39-9fe5-fd7d28eae2f6,Brigg,Conroy,bconroyz@mozilla.com,M,36
ea0f4e74-08bf-4ad3-8a83-f102f54cde46,Trumann,Prosek,tprosek10@cmu.edu,M,37
22969b4f-d40c-4dce-a541-55ac1f7a5777,Caresa,Horwell,chorwell11@google.pl,F,38
e71a0f30-324f-45f8-a87f-b1765466f7df,Elinore,Hearmon,ehearmon12@biblegateway.com,F,39
383c396d-98b7-4fd8-8966-2bda4205e8f7,Rosa,Younge,ryounge13@constantcontact.com,F,40
2a80430a-ec30-4ec8-a626-c922c94149c9,Raynor,Landa,rlanda14@ow.ly,M,41
4e0abb94-b323-44e9-974c-58741fa8f42d,Donnajean,Whitter,dwhitter15@nydailynews.com,F,42
abeb1489-5914-484a-8209-ec9fa666c337,Maxi,Demer,mdemer16@cornell.edu,F,43
fbbeb4c8-d15d-488e-a17e-79f41feda93a,Gweneth,Syddall,gsyddall17@posterous.com,F,44
f4e7a0cd-c02d-4d10-b487-2c90189dd30b,Nobe,McPhillimey,nmcphillimey18@prweb.com,M,45
ec9034a1-adc1-4027-82d3-5d1bd4572eba,Karlie,Korlat,kkorlat19@cdc.gov,F,46
c6c66ff6-691a-4748-9ff5-398621c879dc,Augy,Choke,achoke1a@netlog.com,M,47
43794ec3-ca64-4d3a-90b5-8152f41e274b,Joceline,Bloxland,jbloxland1b@bloomberg.com,F,48
cde04f7c-ffd9-4007-8494-48f1bd94ea23,Anne-marie,Zanassi,azanassi1c@disqus.com,F,49
a4a08204-a7de-4898-a125-262b074b639a,Borden,Fussen,bfussen1d@biglobe.ne.jp,M,50
ee4e9943-d498-4969-a7aa-1d9699c87ae2,Lenard,Giddins,lgiddins1e@google.ru,M,51
6aa7e503-8ceb-4d9c-91b0-f9916085c270,Sayer,Berrow,sberrow1f@plala.or.jp,M,52
1d00a0d9-2268-43dd-a46b-32470fbc288f,Marilin,Willans,mwillans1g@alibaba.com,F,53
fdc105bb-164c-482c-bc3f-c0db60e92ef9,Arnuad,Plewright,aplewright1h@vistaprint.com,M,54
7e602ef6-4eb7-4dfe-9b26-9143bf453d7f,Jeni,Draco,jdraco1i@trellian.com,F,55
354a9b0d-0d0c-44cd-bb07-fe0b93cfd10c,Brandon,Marden,bmarden1j@wikispaces.com,M,56
48c9831b-62c4-4eb2-bb7b-c8249bd05f14,Mellisa,Boffey,mboffey1k@bluehost.com,F,57
52685e91-6864-4224-96bc-35827b710ac4,Egor,Biford,ebiford1l@discuz.net,M,58
a8f46db9-7364-418a-a0ff-93080a6a0ed1,Fidel,Woollin,fwoollin1m@dyndns.org,M,59
66361ef0-73a1-4fcd-957b-30bea9d5c62c,Rasla,Pittwood,rpittwood1n@craigslist.org,F,60
5e49bdc4-4894-4783-8b14-e3897390217f,Sonny,Speariett,sspeariett1o@booking.com,M,61
0f70e871-5167-43e1-bb91-ec14976e6c4c,Gav,Pritchett,gpritchett1p@facebook.com,M,62
f126a1dc-c83f-4d6b-9224-9eeaac6ea7ef,Kelcie,Bernuzzi,kbernuzzi1q@marketwatch.com,F,63
01b297c0-dd48-409f-aa11-e174b4ac8636,Diann,Mouse,dmouse1r@fastcompany.com,F,64
8ac9601d-49bc-4896-927e-d0aafbe46eb5,Holli,Cariss,hcariss1s@hatena.ne.jp,F,65
4a993d7b-05ad-4398-b7eb-9073344bcc50,Kelsi,Samuel,ksamuel1t@microsoft.com,F,66
66ac506c-d962-44b2-9bb7-02a707d805fb,Shaine,Stenhouse,sstenhouse1u@e-recht24.de,F,67
19ba7965-62c2-4917-9bb9-366b4b2933f9,Alex,Gayler,agayler1v@lulu.com,M,68
4e283b93-05a0-4a64-9ad9-a48daefb81d3,Maddy,Laight,mlaight1w@imageshack.us,M,69
7dd4de97-216a-4e0c-a117-654d093689c1,Woodrow,Arkley,warkley1x@census.gov,M,70
850e6455-01f0-415d-a8d1-e262716ed9a5,Vincenty,Livesley,vlivesley1y@w3.org,M,71
27686a2b-8c73-4cdd-9052-31ecb51f9ed3,Gregoor,Dinsey,gdinsey1z@domainmarket.com,M,72
63186ea4-d58e-4aed-a264-8d4c145131d5,Ilyssa,Kennan,ikennan20@hud.gov,F,73
c85ec534-2b14-40d0-b30f-7b28445cd794,Valentine,Van der Kruis,vvanderkruis21@multiply.com,M,74
e82f8680-556f-42f3-8a90-248c6add0186,Lucas,Austick,laustick22@edublogs.org,M,75
168a82fb-8ac8-4d6e-8f1b-c9aa7f3ea350,Carny,Rogerot,crogerot23@engadget.com,M,76
7d4acf8a-8d27-4b75-9db4-4836a51315a6,Nyssa,Duckers,nduckers24@yellowpages.com,F,77
ca87c9ed-5ce6-477e-a05d-d4e005f73e27,Meade,Arnao,marnao25@weather.com,M,78
08e5bed2-e62b-4498-9138-a2af4a8f9cd6,Anny,Haswell,ahaswell26@mayoclinic.com,F,79
06ff0cac-5a70-45e8-8720-4e9f2da6d9c1,Jere,Boman,jboman27@uol.com.br,F,80
a76ccf41-c897-4d2b-a9c9-e209500bfa90,Sawyere,Schankel,sschankel28@cbc.ca,M,81
42804e86-cc31-45c7-a311-3c05a335d28d,Chrystal,Petersen,cpetersen29@unblog.fr,F,82
773c5cb9-f6a1-457a-9a19-cf6100d18c70,Kane,O'Heagertie,koheagertie2a@newsvine.com,M,83
5cc0e27f-da62-4c96-b1be-7725c900a914,Sandra,Rodrigo,srodrigo2b@indiatimes.com,F,84
b018e74e-8697-4cc3-ac6e-a150565e5242,Emmy,Minihan,eminihan2c@mediafire.com,F,85
984258c5-c287-47f7-b85b-4a13e7d75a77,Darbie,Nurse,dnurse2d@weebly.com,F,86
09bfb6f5-207a-424b-882d-c1aaa751d577,Aline,Buswell,abuswell2e@hao123.com,F,87
6635998f-fc1b-46f7-b9a9-c70132b23c50,Sigismundo,Dranfield,sdranfield2f@ox.ac.uk,M,88
288be832-032e-4ef2-837a-1190d45d3093,Curcio,Naul,cnaul2g@webs.com,M,89
77f35172-d89a-42f3-bf2b-23add0fdb1af,Fawn,Fontin,ffontin2h@nature.com,F,90
58b706f8-54b1-4869-a128-db1d159090f0,Whitaker,Merfin,wmerfin2i@apache.org,M,91
a71cd664-0f59-44aa-8f04-d20aa778cda8,Harper,Biggerstaff,hbiggerstaff2j@bluehost.com,M,92
cfd50f25-eec3-498e-a11c-dd20901e9ac9,Ulrikaumeko,Phythien,uphythien2k@house.gov,F,93
fc324191-2813-4ff2-b2a1-2116fbc8fad1,Julee,Ranger,jranger2l@utexas.edu,F,94
a42f8433-63ce-48a6-91ab-e20ac54dac27,Guenevere,Talton,gtalton2m@nasa.gov,F,95
7de04cb6-a3cd-4fe3-becd-4d9e9f33c495,Cirillo,Blakeney,cblakeney2n@t-online.de,M,96
a89032f7-4dda-48c8-a8f2-e5eb00bc4f76,Lanni,Docwra,ldocwra2o@nymag.com,F,97
0a869611-0e88-45b3-835d-e235f7a1561f,Elie,Grills,egrills2p@fda.gov,F,98
d08d4d18-6229-48f2-b683-fce247fa464e,Junette,Elies,jelies2q@ihg.com,F,99
a42eefd6-3c89-47b7-bb5b-010be876df3b,Channa,Shellshear,cshellshear2r@aboutads.info,F,100
826d98f6-18dd-4708-9b34-c5fa99b1370b,Arnold,Bartos,abartos2s@unicef.org,M,101
c8f292e5-8837-4e73-9727-5baf514d72b4,Dun,Ucceli,ducceli2t@patch.com,M,102
a95eefe4-df27-48d6-8a36-a9cec1e23b55,Geraldine,Kingaby,gkingaby2u@quantcast.com,F,103
e5a0578a-a6c1-4c46-944c-0ddb307448c6,Hadleigh,Kapiloff,hkapiloff2v@google.ca,M,104
4bd832dd-761a-4e53-a711-fdfc67f417f1,Reilly,Tayler,rtayler2w@ameblo.jp,M,105
67ba08d4-d027-4681-b1e0-e186903cbf44,Kaiser,Gammage,kgammage2x@linkedin.com,M,106
14fbabc9-251f-4f6e-bbac-e3f4d82b9a13,Alfi,Bellward,abellward2y@soup.io,F,107
6307afab-e0f4-4cb9-969b-dd74fdb12e6a,Edi,Kettell,ekettell2z@canalblog.com,F,108
caf7d892-6dbc-4782-86c5-0ba0506d9aa4,Minetta,Attard,mattard30@cbsnews.com,F,109
55b09475-0a13-4b17-a844-3901df076ac4,Kylen,Baptista,kbaptista31@answers.com,F,110
2cc54a6c-97e1-4379-bc00-923e4e2a2777,Brantley,Skatcher,bskatcher32@cnn.com,M,111
389baa37-1f58-4ad0-8143-80d4fb884404,Lionel,Kittless,lkittless33@psu.edu,M,112
eb1ad4ad-55e9-4245-a683-72cbb2b310d4,Phyllida,Hillborne,phillborne34@army.mil,F,113
b741408a-e3e2-4b1d-8a0e-90659ad4013b,Gertruda,Tille,gtille35@last.fm,F,114
f2df32f2-529d-4910-b948-227d4e748d29,Flor,Tuxell,ftuxell36@kickstarter.com,F,115
06fb33c2-403a-4f8c-8d40-1036ec891211,Mia,Duckit,mduckit37@mlb.com,F,116
dde16fdf-4139-4921-9c1a-32d057ff1b0f,Deeanne,Twomey,dtwomey38@wiley.com,F,117
edc76d07-394e-4015-bbe1-98c5e747136f,Trumann,Ouldred,touldred39@ovh.net,M,118
fd0b8c6d-c7ec-4906-80bf-227a2753502e,Gael,Ruprecht,gruprecht3a@tmall.com,F,119
551df89f-384b-4e81-bb20-af6b22ac5490,Randall,Albasiny,ralbasiny3b@comcast.net,M,120
e945488b-991a-467e-bff9-56b763f96be2,Leela,MacAless,lmacaless3c@lycos.com,F,121
00b334ce-3107-45c9-86ee-8798680f86f5,Kylen,Spencer,kspencer3d@patch.com,F,122
cf5efb0c-ceee-47b7-8c59-f4b89b15b693,Homere,Lord,hlord3e@china.com.cn,M,123
ec825297-2522-42e9-9c19-db9f9bd528e6,Juli,Milier,jmilier3f@ft.com,F,124
f24609ec-4534-43ec-a191-9b452c250969,Kirk,Russell,krussell3g@miitbeian.gov.cn,M,125
ffbb1019-892a-4e03-bcfa-465a91abad63,Alexei,Flips,aflips3h@stanford.edu,M,126
d23fc72d-c288-4e06-9d43-bdfdd5657a25,Tamarra,Ablitt,tablitt3i@tamu.edu,F,127
0f54bb35-e249-4c15-9e30-397656d3c3be,Piper,Harlett,pharlett3j@cpanel.net,F,128
eab11c29-bd85-408d-95dd-ee95acc9bcf8,Hadleigh,Stock,hstock3k@posterous.com,M,129
6ad86801-ec37-4b3e-a9ba-f371c7dc632b,Arlinda,Hendrickx,ahendrickx3l@apache.org,F,130
d314f696-1fc7-48f6-af26-86066be8c0c7,Patrica,Chilles,pchilles3m@ucoz.com,F,131
5b65e090-60c9-41de-98e5-4ded462cf407,Rogers,Torry,rtorry3n@hao123.com,M,132
9a201738-717f-46b0-853d-62f6fb8cf442,Erena,Thay,ethay3o@spotify.com,F,133
b768bcaf-d5dd-4098-bb40-c559776fb7ff,Basile,Bullcock,bbullcock3p@youtube.com,M,134
c1268139-2863-40a8-be09-f60d134ad7e0,Eadmund,Bedenham,ebedenham3q@oaic.gov.au,M,135
6a92542e-680b-4b1a-aa3b-5d773ec8c6dc,Shelley,Hinstock,shinstock3r@fda.gov,M,136
e6693e74-d176-4180-be80-099ff44bbc4d,Eberhard,Noble,enoble3s@businessweek.com,M,137
fab44f17-3706-481f-93a8-b9421d40d011,Martelle,Correa,mcorrea3t@microsoft.com,F,138
1ed1bc93-3f50-4268-b6d0-68888ed2b413,Luci,Kleinberer,lkleinberer3u@tinypic.com,F,139
e3fd4d8e-07d6-4b8a-9069-3cdc05aedd1c,Berri,Danielian,bdanielian3v@chicagotribune.com,F,140
71c185f9-9fb7-41ab-b583-7f9c22cf0fbb,Cassandry,Axelbee,caxelbee3w@npr.org,F,141
14c2596b-7f45-4ed7-80e1-f37898b7ab76,Lolita,Koeppke,lkoeppke3x@yellowpages.com,F,142
6aa7cee5-7e4d-4c20-af5e-30a903d217a3,Haydon,Duesberry,hduesberry3y@ebay.co.uk,M,143
93c03c00-73bf-4b8e-980d-b046588afd14,Rick,Corrett,rcorrett3z@soup.io,M,144
35e9bd23-ecf6-46e8-a908-532587e76d73,Conway,Lafflin,clafflin40@twitpic.com,M,145
fa07324c-85cc-4163-a437-f0e18e1fd6aa,Meade,Mc Andrew,mmcandrew41@eepurl.com,F,146
ce42d481-2d56-4a3a-9a51-058c82509e43,Richart,Pollastrone,rpollastrone42@whitehouse.gov,M,147
f2867588-45ea-4dc7-9e72-15bb3765e552,Marcia,Vell,mvell43@newyorker.com,F,148
e78234c6-3ddc-483c-9b3d-35c33be8d912,Eduard,Shone,eshone44@spiegel.de,M,149
e2713e29-c46f-4abd-8658-c403f010a59a,Jessy,McKeurton,jmckeurton45@opera.com,F,150
b093ccae-03a1-474b-8199-c9411cd463b9,Odette,Brennand,obrennand46@berkeley.edu,F,151
6b0e0e2a-c353-4963-8d14-367ff9d2eba0,Guthrie,Muddicliffe,gmuddicliffe47@ask.com,M,152
1ec2b5c4-c439-4e57-8e38-eb040b568137,Serena,Astell,sastell48@360.cn,F,153
de0b337b-492f-4cd0-a96e-69308a04510c,Nady,Berkley,nberkley49@weebly.com,F,154
da636d0c-4345-4c09-9f0e-26d69df300ba,Phylis,Ickovitz,pickovitz4a@reference.com,F,155
db40c34b-7f8a-4815-8c90-e87879d6f78b,Cecilius,Mace,cmace4b@google.cn,M,156
697d05d1-0437-46b0-8898-db5d3edee66f,Krishnah,Audritt,kaudritt4c@wiley.com,M,157
902d2901-018d-430a-a42f-7ca7700e8701,Anthia,Kenny,akenny4d@jimdo.com,F,158
f2f7ca56-c8e8-4207-a51d-b54bb2bfc6d7,Zacherie,Wedgwood,zwedgwood4e@sun.com,M,159
5d7b9343-2058-4a77-aaf4-18730280081c,Inger,Lysaght,ilysaght4f@netvibes.com,F,160
249d2f0d-90c5-435c-9ee5-b149b924020d,Adriana,Ech,aech4g@sfgate.com,F,161
56def434-ac30-4509-bb28-c727162f9e1d,Marinna,Klosterman,mklosterman4h@ca.gov,F,162
397658e3-f8d2-4417-9e96-09412db7db26,Allie,Franz-Schoninger,afranzschoninger4i@feedburner.com,M,163
94d0c208-386f-415d-ada4-732d4413f95c,Sigvard,Tzarkov,stzarkov4j@buzzfeed.com,M,164
3fec1b4f-5ccc-4614-aed7-43c16e81963e,Kane,Keemar,kkeemar4k@people.com.cn,M,165
d1a18688-adc2-4df3-b01b-1667b13c9756,Monti,Pallant,mpallant4l@blogtalkradio.com,M,166
0818e455-015a-4961-8918-a1254751fe5c,Ken,Chugg,kchugg4m@cocolog-nifty.com,M,167
87b2d68c-e39c-4ed9-a9fb-f824479b66f1,Alexander,Butson,abutson4n@tinyurl.com,M,168
082fe7b0-d6d1-45e4-9cee-c7ab44c7cb31,Tye,Cromett,tcromett4o@bloglovin.com,M,169
7af2b96d-db22-4b60-aa85-4684e1836d64,Miquela,Vayro,mvayro4p@globo.com,F,170
d1757df7-963f-4d50-930a-af504c1fddbd,Liuka,Jordanson,ljordanson4q@newsvine.com,F,171
9551fe1a-d405-49de-bb30-14a5286090f5,Currie,Gradly,cgradly4r@google.es,M,172
5bfbce02-d4b8-40b4-97b3-3511cd02d5e0,Huberto,Cutajar,hcutajar4s@huffingtonpost.com,M,173
769ddb5c-b493-4066-9aa4-63fb7addfb99,Mufinella,Ralfe,mralfe4t@fda.gov,F,174
065986fe-7372-4bac-8a55-35384c3fadad,Chico,Freebury,cfreebury4u@fastcompany.com,M,175
c2b97a19-dc84-4deb-8764-fee390701bcd,Gunther,Ellerbeck,gellerbeck4v@marriott.com,M,176
cee7b133-4fbf-41e8-9a47-cf0f06db72e2,Katha,Mathwen,kmathwen4w@nps.gov,F,177
7713ee03-3fcf-46dd-ac4d-408469d2c7ea,Shela,Brabon,sbrabon4x@dmoz.org,F,178
c43200da-cea1-4895-a664-3b9ed1cfdbbc,Trevar,Renad,trenad4y@purevolume.com,M,179
394675a0-2104-4e70-a885-434ce85dddb6,Kalinda,Freak,kfreak4z@seattletimes.com,F,180
dcbba7b2-d4dd-4b83-a3ac-4f248b11dfb3,Blisse,Brackenbury,bbrackenbury50@fastcompany.com,F,181
cd66ed88-bae0-478a-861b-f83eba35c4b9,Doretta,Gigg,dgigg51@facebook.com,F,182
5ddfd528-51ae-49ee-81fa-32010d5fba76,Myrilla,Gasson,mgasson52@mlb.com,F,183
47add675-5cb2-476f-9bbf-4e4104164b81,Kristofer,Streatley,kstreatley53@livejournal.com,M,184
080a94a3-64ff-4161-8168-22ec983cfcea,Lelah,Wabey,lwabey54@issuu.com,F,185
b7240eb3-4204-4f88-b265-dc695ed52c21,Nadiya,Attaway,nattaway55@t-online.de,F,186
6d576a83-8f8f-437c-ac77-995485ee6263,Uriah,Stapleton,ustapleton56@odnoklassniki.ru,M,187
3266bf06-c70f-4083-9369-b0ad7a5b3b4c,Brigit,Parnby,bparnby57@sitemeter.com,F,188
5ae2aa49-0f3d-4967-a841-c2206868c132,Purcell,Bisacre,pbisacre58@cdbaby.com,M,189
62aa3625-e992-43f5-9323-a6c347cb427e,Riordan,Maxwaile,rmaxwaile59@japanpost.jp,M,190
6336377a-2c17-4177-8343-2bec22984c1f,Shelia,Riglar,sriglar5a@163.com,F,191
f9b2750b-8145-4708-b188-06a509ffd108,Christalle,Gravells,cgravells5b@homestead.com,F,192
942fc59a-01f7-41e0-9cc4-6ea605bcf696,Ole,Hebblethwaite,ohebblethwaite5c@free.fr,M,193
ce2449a6-69ba-434f-8499-e1ad75577e1d,Chase,Croce,ccroce5d@hp.com,M,194
4a361022-a003-481f-9fc4-b6a0f674f320,Corrie,Astle,castle5e@theatlantic.com,F,195
988bc2a4-1de1-4d24-b376-53f3efa8a551,Annamaria,McTavish,amctavish5f@google.com.hk,F,196
53971c0f-262a-4b89-880f-ecca2b5eca28,Garreth,Burghill,gburghill5g@rediff.com,M,197
da87d3fa-63b6-4718-ac5e-c1cb54707f95,Guido,Carey,gcarey5h@odnoklassniki.ru,M,198
aea59745-361e-4cb6-aaf8-2718174e52a7,Hal,Ladbury,hladbury5i@paginegialle.it,M,199
bedd25b7-bc29-4bfc-828c-6057f61be8d6,Charmine,Neem,cneem5j@hp.com,F,200
1f290227-c085-4abd-8af6-5935cf1d9a73,Carleton,Marsters,cmarsters5k@sogou.com,M,201
7c015fe3-beb6-4c4a-a329-d6b55adf85a7,Brandtr,Waghorn,bwaghorn5l@rediff.com,M,202
958e53b0-4655-473f-a746-191d67a320f6,Giraud,Eddowis,geddowis5m@addthis.com,M,203
42c48155-d21d-49be-963a-3598a58bb82c,Derwin,McKearnen,dmckearnen5n@washington.edu,M,204
1b00171c-cf32-48ce-afb1-ab43c0e818a7,Magdalene,Taplow,mtaplow5o@google.nl,F,205
58276ce1-9ad1-4901-9591-82d649806d59,Israel,Stodart,istodart5p@nymag.com,M,206
f286e2db-1fa1-40f7-852b-ef770e381af2,Kristy,Leither,kleither5q@narod.ru,F,207
3ee48f6c-8868-4c51-9753-2e117004e45f,Cory,McCrone,cmccrone5r@github.io,F,208
91d34eb2-655c-4f9c-bba3-67745d650cc9,Kessiah,Chasen,kchasen5s@accuweather.com,F,209
24519219-c888-4936-96c1-c840e54b2d35,Calvin,Kilgrew,ckilgrew5t@go.com,M,210
8a03b420-20e3-4e7e-bb59-c39d9d6cd672,Dalton,Riccardo,driccardo5u@wikipedia.org,M,211
06bd7664-b92c-425c-b612-a508f2650345,Ellerey,Longden,elongden5v@geocities.com,M,212
f8418f2a-2065-4035-9dfd-2f1dacd0f21c,Mariel,Retter,mretter5w@networksolutions.com,F,213
1faaa52c-83c4-41c6-8b21-bcc4dbccc02b,Willyt,Gleadhell,wgleadhell5x@webs.com,F,214
828610a2-90db-42ea-8540-fa155c2a3c58,Zackariah,Flude,zflude5y@slashdot.org,M,215
b592be81-02b3-4e2b-aa99-70b21c123902,Ileane,Kochel,ikochel5z@auda.org.au,F,216
814d6e30-c10e-4f10-a3f5-5f1d191f11a5,Audi,Billanie,abillanie60@google.ru,F,217
46ec5b2e-a70f-4171-9b6f-3c1bc7149344,Trevar,Bertie,tbertie61@tripod.com,M,218
df3000d8-1cd9-4900-a30a-ddbf4b6e55b2,Laura,Kilmary,lkilmary62@wikipedia.org,F,219
bd37f8a7-b2ad-40b2-8f20-f19968a19e9e,Mohammed,Lammerts,mlammerts63@123-reg.co.uk,M,220
24be710a-386f-4dde-ac86-3d2de55af135,Rakel,Marcome,rmarcome64@google.es,F,221
8be26e20-af75-46c7-a105-200e89b0dbb5,Lorens,Keningley,lkeningley65@github.io,M,222
c0f8582d-f19b-4efc-91d3-7004315cef87,Wallis,Pearcy,wpearcy66@spiegel.de,F,223
6c5560fa-431d-4294-8974-73dfc8bdce04,Nat,McCrum,nmccrum67@apple.com,F,224
19d04e83-be31-460b-b033-9dca9c7646fa,Dennie,Eagleston,deagleston68@auda.org.au,F,225
31f444d7-2b3a-46ed-ad44-b088c9df02bd,Eyde,Parbrook,eparbrook69@smugmug.com,F,226
aa289772-3eaa-4c01-8580-276ca49d8e21,Brendin,Twining,btwining6a@cloudflare.com,M,227
cbb20e91-de37-4e61-9e64-b1e582cf1b2b,Lennard,Treacy,ltreacy6b@dmoz.org,M,228
a9ba6d2a-4425-4703-93bd-1b5baee7c4cf,Jervis,Beedom,jbeedom6c@pbs.org,M,229
7e016c69-731f-4afb-a329-ca9f9eb7a97f,Robinett,Romushkin,rromushkin6d@indiatimes.com,F,230
f22a7554-8311-45dc-b939-3f311cf45ccb,Aurlie,Colleck,acolleck6e@fotki.com,F,231
b8538224-1685-4635-b092-3537a4be7a06,Carlotta,Dyas,cdyas6f@delicious.com,F,232
00354f2e-755a-4034-b19d-68cf729af1b5,Dieter,Dockrill,ddockrill6g@sbwire.com,M,233
4926c642-4c83-4c6d-9d4d-0b2697934d3f,Boothe,Jeffcock,bjeffcock6h@imgur.com,M,234
5dfc8971-20ae-492e-9e96-c3b225f43c55,Reggie,Dahmke,rdahmke6i@myspace.com,F,235
1422ff38-5729-43e6-bdaf-d797a71772cf,Merrel,Drew-Clifton,mdrewclifton6j@opera.com,M,236
0706c329-c3c9-4c7d-a3fb-ecada6adbd20,Bertha,Silverstone,bsilverstone6k@weebly.com,F,237
dff6071e-f60f-4aeb-9d5a-efac3ae136b7,Koralle,Ferry,kferry6l@spotify.com,F,238
66c1d954-fc7e-43e6-a703-4f896145f069,Patrizius,Juckes,pjuckes6m@eventbrite.com,M,239
9c549f1b-d976-468d-a345-b840448a2568,Trixy,Brenston,tbrenston6n@surveymonkey.com,F,240
c49631b9-277f-4d77-b6b3-6816998884a9,Kearney,Jime,kjime6o@ycombinator.com,M,241
9ab15263-3aa4-44aa-9996-1848101885d5,Conroy,Melluish,cmelluish6p@berkeley.edu,M,242
818c88b4-ecc9-49d7-bdae-852a1a572ac8,Durward,Clapson,dclapson6q@vinaora.com,M,243
281c85d5-b06c-4670-b923-dbecd3cbc2f0,Dietrich,Rettie,drettie6r@google.de,M,244
13810ff2-10b7-4316-8c9b-c92fe8cad202,Manny,Pohl,mpohl6s@issuu.com,M,245
bc201d47-fa89-4f84-822f-cd39fd2652de,Sylas,Corneille,scorneille6t@acquirethisname.com,M,246
d3705152-b68d-4a1a-b208-24dab349d1ce,Abbott,Rope,arope6u@ft.com,M,247
8bc00b70-5de4-4611-bf69-c53568d8ac59,Lyell,Comford,lcomford6v@addthis.com,M,248
4adc6804-f0a9-40e0-beee-2e6768a3b896,Delmar,Shiel,dshiel6w@blogspot.com,M,249
1b267d99-7ebe-4bd3-a0d2-f36efa4c1f7c,Alistair,Booth-Jarvis,aboothjarvis6x@gov.uk,M,250
